id;name;ligne;terminus;lat;long;links
124;Abbesses;12;0;48.8845942071146;2.337949777055663;"92;213"
372;Assemblée Nationale;12;0;48.86078696260591;2.3209981919540845;"251;190"
251;Concorde;12;0;48.86616711402841;2.323175680856618;"349;372"
334;Convention;12;0;48.83730749366137;2.296630343233871;"118;274"
136;Corentin Celton;12;0;48.82708544797555;2.2794116820504207;"274;63"
85;Falguière;12;0;48.84447014037502;2.317852783041332;"122;353"
120;Front Populaire;12;1;48.90656714505958;2.365920319400959;291
255;Jules Joffrin;12;0;48.89243958956138;2.3446570041286208;"258;92"
92;Lamarck-Caulaincourt;12;0;48.8896740702674;2.3387606491992763;"255;124"
349;Madeleine;12;0;48.870099731927695;2.325164109535879;"315;251"
63;Mairie d'Issy;12;1;48.82410502976808;2.273041525142414;136
258;Marcadet-Poissonniers;12;0;48.891464999404526;2.349815451854586;"346;255"
346;Marx Dormoy;12;0;48.8904854529266;2.3599957664056745;"291;258"
122;Montparnasse Bienvenüe;12;0;48.84373548839769;2.3243530411579667;"34;85"
183;Notre-Dame-de-Lorette;12;0;48.87602621068777;2.3378864890692728;"47;306"
34;Notre-Dame-des-Champs;12;0;48.84494263160585;2.328778026901662;"279;122"
353;Pasteur;12;0;48.8428712740855;2.312447513065986;"85;287"
213;Pigalle;12;0;48.88251938471556;2.337081682514974;"124;47"
274;Porte de Versailles;12;0;48.8324490982225;2.288022141100325;"334;136"
291;Porte de la Chapelle;12;0;48.89724528717232;2.359507868815594;"120;346"
279;Rennes;12;0;48.84845784762095;2.3277821271475343;"105;34"
217;Rue du Bac;12;0;48.85555093924452;2.3257124221709264;"190;105"
47;Saint-Georges;12;0;48.87842525670785;2.337595082820351;"213;183"
315;Saint-Lazare;12;0;48.8754537695411;2.326785200261765;"306;349"
190;Solférino;12;0;48.858511128952976;2.3231548558411075;"372;217"
105;Sèvres-Babylone;12;0;48.85176205157465;2.326822568897496;"217;279"
306;Trinité d'Estienne d'Orves;12;0;48.876317961343695;2.3325430272975227;"183;315"
118;Vaugirard;12;0;48.839516584473685;2.3011075148799884;"287;334"
287;Volontaires;12;0;48.84150552144712;2.3079486793367505;"353;118"
321;Alexandre Dumas;2;0;48.85637735626072;2.394561944560313;"382;238"
71;Anvers;2;0;48.88286864664766;2.344130633722553;"375;324"
238;Avron;2;0;48.85151027724356;2.398302344267162;"321;230"
324;Barbès-Rochechouart;2;0;48.88380394148776;2.350613000688897;"71;127"
8;Belleville;2;0;48.87231011286232;2.3767021447289443;"249;326"
380;Blanche;2;0;48.88395857259599;2.3319265908850406;"100;375"
147;Charles De Gaulle-Étoile;2;0;48.87461392612139;2.295567369745453;"299;214"
249;Colonel Fabien;2;0;48.877610186497066;2.370811395312745;"343;8"
74;Courcelles;2;0;48.87921413332484;2.3035287253701084;"214;27"
326;Couronnes;2;0;48.8690911620042;2.3805425859893425;"8;129"
343;Jaurès;2;0;48.881498594989296;2.3702621266602635;"38;249"
127;La Chapelle;2;0;48.88439879423259;2.360491318526145;"324;38"
27;Monceau;2;0;48.88044945521773;2.3094511679915426;"74;384"
129;Ménilmontant;2;0;48.86680003417724;2.383383250455202;"326;180"
230;Nation;2;1;48.84847428505352;2.3950623054258804;238
382;Philippe Auguste;2;0;48.85846654851294;2.389729852353504;"180;321"
375;Pigalle;2;0;48.882390149751615;2.3372947905674044;"380;71"
100;Place de Clichy;2;0;48.88361499131419;2.3278395561147414;"281;380"
303;Porte Dauphine;2;1;48.87146657720688;2.277083017052586;299
180;Père Lachaise;2;0;48.86265401817275;2.387607288151709;"129;382"
281;Rome;2;0;48.88222689989859;2.321274926766349;"384;100"
38;Stalingrad;2;0;48.88427894336321;2.3658813581698865;"127;343"
214;Ternes;2;0;48.87797270050678;2.298310375124943;"147;74"
299;Victor Hugo;2;0;48.86979855553992;2.285335094686169;"303;147"
384;Villiers;2;0;48.88115002755392;2.315176626220464;"27;281"
236;Alma-Marceau;9;0;48.86476684405098;2.3009910034955845;"169;20"
207;Billancourt;9;0;48.83211055918934;2.2386393485754;"103;345"
224;Bonne Nouvelle;9;0;48.870164199979776;2.350497971863092;"46;220"
11;Buzenval;9;0;48.85181213208116;2.4010222705171427;"2;88"
126;Charonne;9;0;48.85458049816019;2.3855634808228863;"221;233"
82;Chaussée d'Antin - La Fayette;9;0;48.87293765675302;2.3334791318455967;"1;216"
327;Croix de Chavaux;9;0;48.85796559024522;2.4355557156940564;"44;130"
381;Exelmans;9;0;48.84293869494169;2.2600329022124246;"191;172"
20;Franklin D. Roosevelt;9;0;48.86869984643215;2.309505157337887;"236;360"
46;Grands Boulevards;9;0;48.87149773842927;2.3431547730752333;"216;224"
1;Havre-Caumartin;9;0;48.87371340578697;2.3276954096301736;"113;82"
169;Iéna;9;0;48.86479406489478;2.2941620181082314;"379;236"
342;Jasmin;9;0;48.85250408969208;2.2681767494359613;"24;278"
227;La Muette;9;0;48.85804605537121;2.2741546310869194;"278;282"
130;Mairie de Montreuil;9;1;48.86193691321219;2.441310941253408;327
88;Maraîchers;9;0;48.85272511835001;2.406089161879023;"11;37"
345;Marcel Sembat;9;0;48.83370884818311;2.243840592379737;"207;191"
24;Michel Ange-Auteuil;9;0;48.8478956492876;2.2640820307462217;"172;342"
172;Michel Ange-Molitor;9;0;48.84505817139289;2.2617451249636717;"381;24"
26;Miromesnil;9;0;48.87370952681687;2.314606321619312;"360;113"
2;Nation;9;0;48.84894464414299;2.395879435185689;"233;11"
35;Oberkampf;9;0;48.86472761980514;2.3684963871128453;"280;377"
103;Pont de Sèvres;9;1;48.82967484291788;2.2307995913172194;207
37;Porte de Montreuil;9;0;48.853543915162746;2.4106264257373304;"88;44"
191;Porte de Saint-Cloud;9;0;48.83796121261619;2.257122229845437;"345;381"
278;Ranelagh;9;0;48.85548504948359;2.2701091389418933;"342;227"
216;Richelieu-Drouot;9;0;48.87215235166664;2.339115039269688;"82;46"
44;Robespierre;9;0;48.85572642771233;2.4229832161458758;"37;327"
282;Rue de la Pompe;9;0;48.86397444486212;2.278112558447474;"227;379"
233;Rue des Boulets;9;0;48.85231542647832;2.389378127918613;"126;2"
280;République;9;0;48.867111637664216;2.364234945646939;"220;35"
377;Saint-Ambroise;9;0;48.86101925899877;2.374733431281321;"35;221"
113;Saint-Augustin;9;0;48.874558383790166;2.32136192810408;"26;1"
360;Saint-Philippe du Roule;9;0;48.87242238273023;2.310038344619937;"20;26"
220;Strasbourg-Saint-Denis;9;0;48.86922417073163;2.3546037906971624;"224;280"
379;Trocadéro;9;0;48.86306501930526;2.2862431706912574;"282;169"
221;Voltaire;9;0;48.85745372176051;2.3807187858562693;"377;126"
320;Alésia;4;0;48.82818847539264;2.327164649607824;"270;276"
388;Bagneux - Lucie Aubrac;4;1;48.802689076430376;2.318031246857529;144
144;Barbara;4;0;48.80970399661239;2.3174491879233723;"121;388"
239;Barbès-Rochechouart;4;0;48.88343618713858;2.3497744436462686;"246;69"
246;Château Rouge;4;0;48.88737490963283;2.349694082202741;"171;239"
17;Château d'Eau;4;0;48.872424913568224;2.3560449076721763;"371;107"
247;Châtelet;4;0;48.85838236938394;2.3475648297486296;"313;166"
166;Cité;4;0;48.854936375631816;2.347321315727238;"247;3"
145;Denfert-Rochereau;4;0;48.83345085729264;2.331740130985349;"365;270"
371;Gare de l'Est;4;0;48.87599106388642;2.357880771925327;"69;17"
69;Gare du Nord;4;0;48.87955128351821;2.3569951640085454;"239;371"
313;Les Halles;4;0;48.86231627777481;2.345673828222723;"341;247"
121;Mairie de Montrouge;4;0;48.8186764089917;2.319740313298556;"276;144"
171;Marcadet-Poissonniers;4;0;48.89141683329223;2.3497384070221425;"272;246"
293;Montparnasse-Bienvenüe;4;0;48.84378130391568;2.3243970123974527;"104;201"
270;Mouton-Duvernet;4;0;48.83111265945444;2.329705012620184;"145;320"
185;Odéon;4;0;48.85230076217341;2.3397277815930964;"3;116"
276;Porte d'Orléans;4;0;48.8234116280665;2.3255756362122453;"320;121"
203;Porte de Clignancourt;4;1;48.89740222197736;2.3448477487523984;272
365;Raspail;4;0;48.838964279789714;2.3307541920862165;"201;145"
366;Réaumur Sébastopol;4;0;48.86606968819477;2.352459744108264;"107;341"
116;Saint-Germain-des-Prés;4;0;48.85371893307178;2.333776136855682;"185;60"
3;Saint-Michel;4;0;48.85316798396978;2.343285978923924;"166;185"
104;Saint-Placide;4;0;48.8468782370313;2.326792785039298;"60;293"
60;Saint-Sulpice;4;0;48.85167224469909;2.331256291370013;"116;104"
272;Simplon;4;0;48.89394138710839;2.347765501718976;"203;171"
107;Strasbourg-Saint-Denis;4;0;48.86949077358111;2.3543917683937066;"17;366"
201;Vavin;4;0;48.842218412692674;2.3290089262354026;"293;365"
341;Étienne Marcel;4;0;48.863807436860455;2.348880652588476;"366;313"
70;Anatole France;3;0;48.89208278505407;2.285009502746195;"139;177"
7;Arts et Métiers;3;0;48.86558647667889;2.356736756806097;"43;41"
155;Bourse;3;0;48.86869597692208;2.3407207236740963;"112;271"
21;Europe;3;0;48.87877036756607;2.322265213118895;"222;205"
56;Gallieni;3;1;48.865335316340186;2.4166972728577103;298
373;Gambetta;3;0;48.864916684131046;2.3989844402480727;"98;298"
148;Havre-Caumartin;3;0;48.87351338866701;2.32754308036367;"205;186"
177;Louise Michel;3;0;48.888706018854414;2.288083633048504;"70;59"
138;Malesherbes;3;0;48.882891916533374;2.309052264550479;"117;222"
186;Opéra;3;0;48.87099178302771;2.331989522683247;"148;112"
179;Parmentier;3;0;48.865253785133525;2.3745819699964126;"367;286"
152;Pereire-Levallois;3;0;48.88489625422978;2.297724346480177;"59;117"
139;Pont de Levallois;3;1;48.8978210661906;2.2798095866931014;70
298;Porte de Bagnolet;3;0;48.86460037245484;2.408031037075815;"373;56"
59;Porte de Champerret;3;0;48.88579310431026;2.2925823141029125;"177;152"
98;Père Lachaise;3;0;48.86312321372127;2.3858824493261475;"286;373"
112;Quatre Septembre;3;0;48.86958524256371;2.3362188475216743;"186;155"
286;Rue Saint-Maur;3;0;48.86408657383018;2.380797986183677;"179;98"
43;Réaumur Sébastopol;3;0;48.86634029836775;2.3520683180500703;"271;7"
367;République;3;0;48.867026786647024;2.364247993752544;"41;179"
205;Saint-Lazare;3;0;48.87500639713424;2.324574810293918;"21;148"
271;Sentier;3;0;48.867309474050735;2.347516213278753;"155;43"
41;Temple;3;0;48.86668267932052;2.361541532068171;"7;367"
222;Villiers;3;0;48.88115002755392;2.315176626220464;"138;21"
117;Wagram;3;0;48.88380920031262;2.304674440528396;"152;138"
237;Argentine;1;0;48.8755940489459;2.289322589613773;"142;0"
125;Bastille;1;0;48.85247942191548;2.3693205849253864;"187;310"
9;Bérault;1;0;48.84547070666273;2.429205166348;"378;81"
208;Champs-Élysées – Clemenceau;1;0;48.867905343976304;2.313545549946742;"385;250"
0;Charles De Gaulle-Étoile;1;0;48.87514981881486;2.295904906076515;"237;336"
81;Château de Vincennes;1;1;48.84445639364827;2.4404399780572463;9
163;Châtelet;1;0;48.85879919715299;2.3473058527477635;"29;167"
250;Concorde;1;0;48.86628580366308;2.322943412243541;"208;307"
311;Esplanade de la Défense;1;0;48.88863121685044;2.247932435324861;"4;131"
385;Franklin D. Roosevelt;1;0;48.86980821927816;2.3074707934478305;"336;208"
310;Gare de Lyon;1;0;48.84602764846217;2.374962918873459;"125;199"
336;George V;1;0;48.872023808579655;2.3005604512487974;"0;385"
167;Hôtel de Ville;1;0;48.85747798160854;2.351577562994996;"163;187"
4;La Défense;1;1;48.89218707552876;2.237018056395013;311
94;Les Sablons;1;0;48.88119151966529;2.2716867210509832;"131;142"
29;Louvre-Rivoli;1;0;48.8608062903513;2.3411085916340677;"351;163"
153;Nation;1;0;48.847579366556246;2.395554512170688;"199;215"
351;Palais Royal - Musée du Louvre;1;0;48.86234802992701;2.336496462305488;"307;29"
131;Pont de Neuilly;1;0;48.88470820040179;2.2605150778881176;"311;94"
142;Porte Maillot;1;0;48.87755125088347;2.283162242230229;"94;237"
215;Porte de Vincennes;1;0;48.84715847848125;2.410140367974107;"153;378"
199;Reuilly-Diderot;1;0;48.84730378522036;2.386341706352172;"310;153"
378;Saint-Mandé;1;0;48.84635698797212;2.419479900374511;"215;9"
187;Saint-Paul;1;0;48.85523625187428;2.3609564886610004;"167;125"
307;Tuileries;1;0;48.86434377781312;2.330129877112861;"250;351"
322;Arts et Métiers;11;0;48.86532271075727;2.3567298691737006;"277;196"
240;Belleville;11;0;48.87184879283409;2.376593682744321;"338;111"
332;Châtelet;11;1;48.857556358448846;2.348308895125138;58
338;Goncourt;11;0;48.86995751178222;2.3710948397312004;"196;240"
58;Hôtel de Ville;11;0;48.85745183172161;2.3510084613948243;"332;277"
170;Jourdain;11;0;48.87511181603521;2.389415032035528;"111;268"
95;Mairie des Lilas;11;1;48.87976125307645;2.4164796436714395;275
268;Place des Fêtes;11;0;48.876806388299045;2.393056093323957;"170;40"
275;Porte des Lilas;11;0;48.87717481838472;2.406480156998486;"40;95"
111;Pyrénées;11;0;48.87388185323738;2.3853162151017924;"240;170"
277;Rambuteau;11;0;48.86120498940222;2.3534957401281624;"58;322"
196;République;11;0;48.86750342285805;2.3638261439774078;"322;338"
40;Télégraphe;11;0;48.87547445574471;2.3988675938988755;"268;275"
72;Aubervilliers Pantin - Quatre Chemins;7;0;48.90375992925017;2.392287059642349;"137;383"
245;Cadet;7;0;48.87589068097294;2.344126030464426;"302;174"
14;Censier-Daubenton;7;0;48.84048665172035;2.351739487166926;"182;262"
248;Chaussée d'Antin - La Fayette;7;0;48.8731092733884;2.333451218577799;"174;358"
226;Château-Landon;7;0;48.87856562487883;2.362160071922952;"296;292"
19;Châtelet;7;0;48.85705996536898;2.3477118799342187;"132;36"
335;Corentin Cariou;7;0;48.89483646748102;2.3825223434153635;"383;76"
76;Crimée;7;0;48.8907889686077;2.377315755595573;"335;134"
137;Fort d'Aubervilliers;7;0;48.91494975544953;2.4044090874277573;"210;72"
292;Gare de l'Est;7;0;48.876272702568;2.3580579043368988;"226;302"
257;Jussieu;7;0;48.84595066572124;2.3550502630610404;"39;182"
210;La Courneuve 8 Mai 1945;7;1;48.92078596902802;2.4105986137301376;137
261;Le Kremlin-Bicêtre;7;0;48.810129956353;2.362263387127349;"212;300"
174;Le Peletier;7;0;48.87487434245661;2.3401998843851697;"245;248"
262;Les Gobelins;7;0;48.83586348325906;2.352588925635323;"14;181"
296;Louis Blanc;7;0;48.88128581093757;2.3655443191724763;"106;226"
96;Mairie d'Ivry;7;1;48.81109919679061;2.3835514796491126;"355;202"
212;Maison Blanche;7;0;48.82243783366461;2.358473883854337;"61;109;261"
358;Opéra;7;0;48.87048670234939;2.332407406427907;"248;364"
31;Palais Royal - Musée du Louvre;7;0;48.86282967186915;2.3368783975967053;"364;132"
355;Pierre et Marie Curie;7;0;48.8159307621283;2.3772672001519357;"193;96"
182;Place Monge;7;0;48.84286682976181;2.352224728183084;"257;14"
181;Place d'Italie;7;0;48.83143363011098;2.355643643022595;"262;61"
302;Poissonnière;7;0;48.87723631821586;2.3492939024760044;"292;245"
36;Pont Marie;7;0;48.85357547158278;2.3571625716183373;"19;39"
132;Pont Neuf;7;0;48.85855382544588;2.342232759368107;"31;19"
109;Porte d'Italie;7;0;48.81922334868816;2.359705216746021;"212;359"
193;Porte d'Ivry;7;0;48.82135578289321;2.36929058734603;"359;355"
359;Porte de Choisy;7;0;48.81987622012899;2.3645319517472965;"109;193"
383;Porte de la Villette;7;0;48.89738988976188;2.385508387679288;"72;335"
364;Pyramides;7;0;48.86598091956565;2.334330724377939;"358;31"
134;Riquet;7;0;48.88826761604975;2.3742040120358627;"76;106"
106;Stalingrad;7;0;48.88438514443228;2.36939198436133;"134;296"
39;Sully-Morland;7;0;48.85123767946336;2.36198514100077;"36;257"
61;Tolbiac;7;0;48.8264260099548;2.3572456507586854;"181;212"
202;Villejuif - Louis Aragon;7;1;48.78756279113255;2.3678041069754565;"289;96"
300;Villejuif - Léo Lagrange;7;0;48.804688119990445;2.363953196602165;"261;289"
289;Villejuif Paul Vaillant-Couturier;7;0;48.7964830818381;2.3682695414327704;"300;202"
323;Avenue Émile Zola;10;0;48.84701958096015;2.295420478027581;"80;347"
6;Boulogne - Jean Jaurès;10;0;48.84200534636005;2.238887325790712;"317;304;90"
317;Boulogne - Pont de Saint-Cloud;10;1;48.84074501430605;2.2285369815049427;6
12;Cardinal Lemoine;10;0;48.84665685032922;2.3516232563785127;"89;256"
301;Chardon Lagache;10;0;48.8452047026687;2.266441543081952;"90;173"
80;Charles Michels;10;0;48.846534635818486;2.2859992234215967;"151;323"
68;Cluny-La Sorbonne;10;0;48.85105028139347;2.344273345421352;"184;89"
135;Duroc;10;0;48.8469891052187;2.3170052357372453;"188;48"
223;Gare d'Austerlitz;10;1;48.84243679610461;2.3651848120043346;256
151;Javel - André Citroën;10;0;48.84612366595408;2.277711739827638;"160;173;80"
256;Jussieu;10;0;48.846151122159775;2.3549179836962724;"12;223"
347;La Motte Picquet-Grenelle;10;0;48.84935055270009;2.298301401728378;"323;188"
62;Mabillon;10;0;48.85301676700393;2.335502053090325;"189;184"
89;Maubert-Mutualité;10;0;48.850127322875615;2.348054290484544;"68;12"
23;Michel Ange-Auteuil;10;0;48.84793480697962;2.264218777050251;"304;160"
90;Michel Ange-Molitor;10;0;48.845247564533935;2.261623492404886;"6;301"
173;Mirabeau;10;0;48.8471310072754;2.272763753316159;"301;151"
184;Odéon;10;0;48.85216726019567;2.3396463359328807;"62;68"
304;Porte d'Auteuil;10;0;48.84797153967688;2.257744680376012;"6;23"
189;Sèvres-Babylone;10;0;48.85119234840104;2.3264884739691643;"48;62"
188;Ségur;10;0;48.847066132231625;2.30740224061964;"347;135"
48;Vaneau;10;0;48.84881637154946;2.32125786290546;"135;189"
160;Église d'Auteuil;10;0;48.84715005478894;2.269135872730268;"23;151"
53;Balard;8;1;48.83593087827381;2.278161671278975;218
158;Bastille;8;0;48.85343942665477;2.3695135695192064;"55;175"
143;Bonne Nouvelle;8;0;48.870164199979776;2.350497971863092;"45;219"
232;Boucicaut;8;0;48.84109405542875;2.2879457664996647;"218;168"
16;Charenton-Écoles;8;0;48.82159576640084;2.4137375175167306;"176;330"
55;Chemin Vert;8;0;48.85742003662634;2.368108290701384;"204;158"
333;Commerce;8;0;48.84479476369025;2.2939519636365358;"168;28"
252;Concorde;8;0;48.86681836803004;2.322082848687873;"387;178"
290;Créteil - Pointe du Lac;8;1;48.76871512435045;2.464564993211323;242
243;Créteil-Université;8;0;48.78997830942798;2.450453177915301;"75;242"
75;Créteil–L’Échat;8;0;48.79674076566212;2.4494331756869863;"312;243"
242;Créteil–Préfecture;8;0;48.7799053160387;2.4593683962590527;"243;290"
329;Daumesnil;8;0;48.83944542745866;2.396182886452633;"211;259"
253;Faidherbe Chaligny;8;0;48.85017786097953;2.384092210066296;"175;368"
86;Filles du Calvaire;8;0;48.8632579440453;2.366661094716491;"198;204"
168;Félix Faure;8;0;48.84274677887205;2.291912413317875;"232;333"
45;Grands Boulevards;8;0;48.87149773842927;2.3431547730752333;"376;143"
387;Invalides;8;0;48.86232532817291;2.3151384321911705;"91;252"
28;La Motte Picquet-Grenelle;8;0;48.84935055270009;2.298301401728378;"333;54"
91;La Tour Maubourg;8;0;48.85772541197265;2.310565960946845;"54;387"
175;Ledru Rollin;8;0;48.851271125444384;2.3761187733393445;"158;253"
176;Liberté;8;0;48.82605499562712;2.406742225927992;"64;16"
218;Lourmel;8;0;48.83896093845116;2.2827000272391307;"53;232"
178;Madeleine;8;0;48.86963317210412;2.3262722740277484;"252;101"
312;Maisons-Alfort-Les Juilliottes;8;0;48.802637689797145;2.446927484242136;"297;75"
297;Maisons-Alfort-Stade;8;0;48.809144360015146;2.434509895933692;"330;312"
259;Michel Bizot;8;0;48.83711700607468;2.4023331659174443;"329;140"
211;Montgallet;8;0;48.844408671158064;2.3900751128200297;"368;329"
101;Opéra;8;0;48.87064173142225;2.3321385995874326;"178;376"
140;Porte Dorée;8;0;48.83478515716054;2.405383210626772;"259;64"
64;Porte de Charenton;8;0;48.83316292858302;2.401448054218979;"140;176"
368;Reuilly-Diderot;8;0;48.847128720420486;2.387025242109209;"253;211"
376;Richelieu-Drouot;8;0;48.87178660113546;2.3390305467230617;"101;45"
198;République;8;0;48.86715872441712;2.36395783649627;"219;86"
204;Saint-Sébastien-Froissart;8;0;48.86116886456698;2.367210866411708;"86;55"
219;Strasbourg-Saint-Denis;8;0;48.86922417073163;2.3546037906971624;"143;198"
54;École Militaire;8;0;48.85468215596693;2.3060974037042845;"28;91"
330;École Vétérinaire de Maisons-Alfort;8;0;48.81480300607956;2.4223761428456223;"16;297"
114;Basilique de Saint-Denis;13;0;48.93652685166611;2.359398261032672;"283;200;49"
244;Brochant;13;0;48.89058718568332;2.320174755787804;"316;260"
13;Carrefour Pleyel;13;0;48.91957307313787;2.3433059305125963;"200;350"
15;Champs-Élysées – Clemenceau;13;0;48.86760214429292;2.3138941291184696;"25;229"
164;Châtillon-Montrouge;13;1;48.81074648765865;2.3016785554583445;344
78;Duroc;13;0;48.84705255360801;2.3164243520626893;"115;52"
339;Gabriel Péri;13;0;48.91638230900144;2.294685111702555;"370;264"
295;Garibaldi;13;0;48.90609404932792;2.3318308379624098;"350;192"
340;Gaîté;13;0;48.83863164532401;2.3224917498246267;"52;99"
84;Guy Môquet;13;0;48.89282885246845;2.327428458503176;"192;260"
229;Invalides;13;0;48.86236470320508;2.3139095777885417;"15;288"
260;La Fourche;13;0;48.88718394594505;2.325779674806892;"84;244;267"
370;Les Agnettes;13;0;48.92310377874536;2.286279577529783;"49;339"
49;Les Courtilles;13;1;48.93075700241566;2.284174448283296;"114;370"
263;Liège;13;0;48.87963475973605;2.3270222008895023;"267;51"
264;Mairie de Clichy;13;0;48.90333009365302;2.305924149869319;"339;316"
350;Mairie de Saint-Ouen;13;0;48.91196489696018;2.3339248904797145;"13;295"
128;Malakoff - Plateau de Vanves;13;0;48.82258370591684;2.2984641919706355;"362;344"
344;Malakoff - Rue Étienne Dolet;13;0;48.8153075302873;2.297077798334658;"128;164"
25;Miromesnil;13;0;48.87376998777536;2.314456036188807;"51;15"
52;Montparnasse-Bienvenüe;13;0;48.84232743681338;2.320984835629297;"78;340"
99;Pernety;13;0;48.833936391729935;2.31807828549193;"340;102"
267;Place de Clichy;13;0;48.883804527120695;2.327243411950875;"260;263"
102;Plaisance;13;0;48.831825648665415;2.314122323470855;"99;362"
316;Porte de Clichy;13;0;48.89425226132582;2.313772158769624;"264;244"
192;Porte de Saint-Ouen;13;0;48.8973747946088;2.328942812779893;"295;84"
362;Porte de Vanves;13;0;48.82779554257448;2.3055346696538948;"102;128"
200;Saint-Denis - Porte de Paris;13;0;48.92993588875802;2.3560357941727967;"114;13"
283;Saint-Denis - Université;13;1;48.94584565684514;2.364541763486513;114
115;Saint-François-Xavier;13;0;48.85144170472092;2.314408121496152;"288;78"
51;Saint-Lazare;13;0;48.8753549567627;2.3248182850615544;"263;25"
288;Varenne;13;0;48.85687137832836;2.315056637317088;"229;115"
157;Bastille;5;0;48.85343696138083;2.3687365726261693;"318;305"
235;Bobigny Pablo Picasso;5;1;48.9063747693493;2.449189904488852;294
294;Bobigny-Pantin - Raymond Queneau;5;0;48.89545467212544;2.4253268888024677;"235;161"
318;Bréguet-Sabin;5;0;48.85614070842842;2.370209338414258;"110;157"
331;Campo Formio;5;0;48.83549535446175;2.358823489097101;"369;269"
65;Gare d'Austerlitz;5;0;48.84226538555447;2.365338652974602;"305;369"
206;Gare de l'Est;5;0;48.87612635202814;2.358047505360746;"150;254"
150;Gare du Nord;5;0;48.87985014159128;2.3574593465887164;"273;206"
57;Hoche;5;0;48.89122859227589;2.402352142536798;"161;108"
254;Jacques Bonsergent;5;0;48.870809979100045;2.3610274669173723;"206;197"
87;Jaurès;5;0;48.883147450469046;2.3710014407518485;"93;273"
93;Laumière;5;0;48.88521618117385;2.3796630774804663;"97;87"
357;Oberkampf;5;0;48.8646578786917;2.368410025658025;"197;110"
97;Ourcq;5;0;48.88713486815581;2.386960017135178;"108;93"
269;Place d'Italie;5;1;48.83097267206749;2.3555802740779117;331
108;Porte de Pantin;5;0;48.88850368694109;2.392113697756401;"57;97"
305;Quai de la Rapée;5;0;48.84651540327256;2.3658734694065666;"157;65"
110;Richard Lenoir;5;0;48.859873623449786;2.3719139800899973;"357;318"
197;République;5;0;48.867384471961984;2.364264950425284;"254;357"
369;Saint-Marcel;5;0;48.83842729604672;2.3609671676988557;"65;331"
273;Stalingrad;5;0;48.88442088544256;2.365893819935268;"87;150"
161;Église de Pantin;5;0;48.89325758905316;2.41331313951059;"294;57"
325;Bel-Air;6;0;48.84133825001671;2.4009185381216;"328;32"
309;Bercy;6;0;48.84038874717503;2.3799112714543984;"42;159"
234;Bir-Hakeim;6;0;48.85394260619223;2.2893345327665418;"352;77"
319;Boissière;6;0;48.86698310943603;2.2900588349313558;"209;119"
79;Cambronne;6;0;48.84750708018464;2.30296829919196;"348;361"
314;Charles De Gaulle-Étoile;6;1;48.874748649759134;2.2955602562131467;209
165;Chevaleret;6;0;48.834947721427184;2.368126329061812;"266;42"
73;Corvisart;6;0;48.82979051277208;2.350414872010464;"337;356"
328;Daumesnil;6;0;48.83954964464782;2.395703289436393;"159;325"
146;Denfert-Rochereau;6;0;48.83429297955232;2.33285230996089;"195;285"
159;Dugommier;6;0;48.839041142779216;2.389620011336724;"309;328"
77;Dupleix;6;0;48.85043454810869;2.2936124399131885;"234;348"
66;Edgar Quinet;6;0;48.8406632283787;2.3263846107928465;"123;195"
337;Glacière;6;0;48.83112954710577;2.3435116577497763;"285;73"
209;Kléber;6;0;48.87164976822275;2.2935242903418205;"314;319"
348;La Motte Picquet-Grenelle;6;0;48.84874166479698;2.2989309117480614;"77;79"
123;Montparnasse-Bienvenüe;6;0;48.84210220628776;2.3212785627446277;"265;66"
154;Nation;6;1;48.84737487780852;2.39546199483274;32
266;Nationale;6;0;48.833216718788975;2.3628563995190115;"356;165"
352;Passy;6;0;48.85744869005429;2.28581244413408;"119;234"
265;Pasteur;6;0;48.84267681905504;2.312812773474409;"361;123"
32;Picpus;6;0;48.845061579024055;2.401289019827348;"325;154"
356;Place d'Italie;6;0;48.83092724007963;2.356121938797104;"73;266"
42;Quai de la Gare;6;0;48.83704511832346;2.3728257218287863;"165;309"
195;Raspail;6;0;48.838964279789714;2.3307541920862165;"66;146"
285;Saint-Jacques;6;0;48.8329008156236;2.337135190607983;"146;337"
361;Sèvres-Lecourbe;6;0;48.84562696581848;2.309531490098375;"79;265"
119;Trocadéro;6;0;48.86361093672488;2.287580162529652;"319;352"
50;Bercy;14;0;48.84000138862727;2.379554011203435;"149;241"
308;Bibliothèque François Mitterrand;14;0;48.829990280762686;2.375748144341913;"241;141"
18;Châtelet;14;0;48.85770881876768;2.347944311105259;"194;149"
241;Cour Saint-Émilion;14;0;48.8333385583308;2.386632402066985;"50;308"
149;Gare de Lyon;14;0;48.84398558109668;2.3730142199400954;"18;50"
30;Madeleine;14;0;48.87066701997716;2.325752635286725;"228;194"
67;Mairie de Saint-Ouen;14;1;48.91311992183441;2.3345718188870426;231
141;Olympiades;14;1;48.82727083511831;2.368032647756258;308
386;Pont Cardinet;14;0;48.88956082739463;2.315176897304785;"225;228"
225;Porte de Clichy;14;0;48.8949808098046;2.312791961501292;"231;386"
194;Pyramides;14;0;48.86590673867336;2.33418954196825;"30;18"
228;Saint-Lazare;14;0;48.87576459309949;2.324256032653556;"386;30"
231;Saint-Ouen;14;0;48.90449641965392;2.321743589558779;"67;225"
156;Bolivar;7b;0;48.88082126045536;2.3741471538390524;"22;162"
5;Botzaris;7b;0;48.879481770992165;2.389115807376888;"162;33;10"
162;Buttes-Chaumont;7b;0;48.87851411220378;2.381614511939643;"156;5"
10;Danube;7b;0;48.88193199780742;2.3934454564903547;"5;133"
22;Jaurès;7b;0;48.8824652446513;2.370157961739611;"374;156"
374;Louis Blanc;7b;1;48.88140473132686;2.365218781848709;22
33;Place des Fêtes;7b;0;48.87694984718945;2.3929839648173936;"5;133"
133;Pré Saint-Gervais;7b;1;48.8799957934466;2.3989466624559688;"33;10"
83;Gambetta;3bis;1;48.86516343396068;2.398746593442592;354
354;Pelleport;3bis;0;48.868440162354695;2.4015617127425424;"284;83"
363;Porte des Lilas;3bis;1;48.87711051084259;2.40672924554309;284
284;Saint-Fargeau;3bis;0;48.87210144121076;2.4045149423791043;"363;354"
